x, RHO_s, V_s, P_s, RHO_g, V_g, P_g, PHI_s
-4.987500e-01,1.000000e+00,-4.485154e-160,1.000000e+00,5.000000e-01,-4.875328e-154,1.000000e+00,4.000000e-01
-4.962500e-01,1.000000e+00,-1.625005e-158,1.000000e+00,5.000000e-01,-2.121884e-152,1.000000e+00,4.000000e-01
-4.937500e-01,1.000000e+00,-6.071323e-157,1.000000e+00,5.000000e-01,-9.376548e-151,1.000000e+00,4.000000e-01
-4.912500e-01,1.000000e+00,-2.220681e-155,1.000000e+00,5.000000e-01,-4.041902e-149,1.000000e+00,4.000000e-01
-4.887500e-01,1.000000e+00,-7.955311e-154,1.000000e+00,5.000000e-01,-1.705431e-147,1.000000e+00,4.000000e-01
-4.862500e-01,1.000000e+00,-2.790850e-152,1.000000e+00,5.000000e-01,-7.063863e-146,1.000000e+00,4.000000e-01
-4.837500e-01,1.000000e+00,-9.586859e-151,1.000000e+00,5.000000e-01,-2.880064e-144,1.000000e+00,4.000000e-01
-4.812500e-01,1.000000e+00,-3.224428e-149,1.000000e+00,5.000000e-01,-1.158854e-142,1.000000e+00,4.000000e-01
-4.787500e-01,1.000000e+00,-1.061873e-147,1.000000e+00,5.000000e-01,-4.612483e-141,1.000000e+00,4.000000e-01
-4.762500e-01,1.000000e+00,-3.424350e-146,1.000000e+00,5.000000e-01,-1.819676e-139,1.000000e+00,4.000000e-01
-4.737500e-01,1.000000e+00,-1.081557e-144,1.000000e+00,5.000000e-01,-7.126620e-138,1.000000e+00,4.000000e-01
-4.712500e-01,1.000000e+00,-3.346596e-143,1.000000e+00,5.000000e-01,-2.773457e-136,1.000000e+00,4.000000e-01
-4.687500e-01,1.000000e+00,-1.014834e-141,1.000000e+00,5.000000e-01,-1.072809e-134,1.000000e+00,4.000000e-01
-4.662500e-01,1.000000e+00,-3.017262e-140,1.000000e+00,5.000000e-01,-4.122860e-133,1.000000e+00,4.000000e-01
-4.637500e-01,1.000000e+00,-8.799936e-139,1.000000e+00,5.000000e-01,-1.572629e-131,1.000000e+00,4.000000e-01
-4.612500e-01,1.000000e+00,-2.519097e-137,1.000000e+00,5.000000e-01,-5.946671e-130,1.000000e+00,4.000000e-01
-4.587500e-01,1.000000e+00,-7.082455e-136,1.000000e+00,5.000000e-01,-2.226739e-128,1.000000e+00,4.000000e-01
-4.562500e-01,1.000000e+00,-1.956996e-134,1.000000e+00,5.000000e-01,-8.252113e-127,1.000000e+00,4.000000e-01
-4.537500e-01,1.000000e+00,-5.318252e-133,1.000000e+00,5.000000e-01,-3.027326e-125,1.000000e+00,4.000000e-01
-4.512500e-01,1.000000e+00,-1.422426e-131,1.000000e+00,5.000000e-01,-1.100602e-123,1.000000e+00,4.000000e-01
-4.487500e-01,1.000000e+00,-3.746925e-130,1.000000e+00,5.000000e-01,-3.972567e-122,1.000000e+00,4.000000e-01
-4.462500e-01,1.000000e+00,-9.727314e-129,1.000000e+00,5.000000e-01,-1.426649e-120,1.000000e+00,4.000000e-01
-4.437500e-01,1.000000e+00,-2.490269e-127,1.000000e+00,5.000000e-01,-5.107465e-119,1.000000e+00,4.000000e-01
-4.412500e-01,1.000000e+00,-6.290215e-126,1.000000e+00,5.000000e-01,-1.824862e-117,1.000000e+00,4.000000e-01
-4.387500e-01,1.000000e+00,-1.568354e-124,1.000000e+00,5.000000e-01,-6.506835e-116,1.000000e+00,4.000000e-01
-4.362500e-01,1.000000e+00,-3.861342e-123,1.000000e+00,5.000000e-01,-2.312299e-114,1.000000e+00,4.000000e-01
-4.337500e-01,1.000000e+00,-9.390101e-122,1.000000e+00,5.000000e-01,-8.169616e-113,1.000000e+00,4.000000e-01
-4.312500e-01,1.000000e+00,-2.255985e-120,1.000000e+00,5.000000e-01,-2.860894e-111,1.000000e+00,4.000000e-01
-4.287500e-01,1.000000e+00,-5.355715e-119,1.000000e+00,5.000000e-01,-9.897467e-110,1.000000e+00,4.000000e-01
-4.262500e-01,1.000000e+00,-1.256587e-117,1.000000e+00,5.000000e-01,-3.372548e-108,1.000000e+00,4.000000e-01
-4.237500e-01,1.000000e+00,-2.914398e-116,1.000000e+00,5.000000e-01,-1.129145e-106,1.000000e+00,4.000000e-01
-4.212500e-01,1.000000e+00,-6.683332e-115,1.000000e+00,5.000000e-01,-3.708505e-105,1.000000e+00,4.000000e-01
-4.187500e-01,1.000000e+00,-1.515850e-113,1.000000e+00,5.000000e-01,-1.194038e-103,1.000000e+00,4.000000e-01
-4.162500e-01,1.000000e+00,-3.401691e-112,1.000000e+00,5.000000e-01,-3.770226e-102,1.000000e+00,4.000000e-01
-4.137500e-01,1.000000e+00,-7.555917e-111,1.000000e+00,5.000000e-01,-1.169137e-100,1.000000e+00,4.000000e-01
-4.112500e-01,1.000000e+00,-1.661975e-109,1.000000e+00,5.000000e-01,-3.569296e-99,1.000000e+00,4.000000e-01
-4.087500e-01,1.000000e+00,-3.621600e-108,1.000000e+00,5.000000e-01,-1.076427e-97,1.000000e+00,4.000000e-01
-4.062500e-01,1.000000e+00,-7.821639e-107,1.000000e+00,5.000000e-01,-3.219598e-96,1.000000e+00,4.000000e-01
-4.037500e-01,1.000000e+00,-1.674857e-105,1.000000e+00,5.000000e-01,-9.589255e-95,1.000000e+00,4.000000e-01
-4.012500e-01,1.000000e+00,-3.556897e-104,1.000000e+00,5.000000e-01,-2.853497e-93,1.000000e+00,4.000000e-01
-3.987500e-01,1.000000e+00,-7.493334e-103,1.000000e+00,5.000000e-01,-8.499339e-92,1.000000e+00,4.000000e-01
-3.962500e-01,1.000000e+00,-1.566222e-101,1.000000e+00,5.000000e-01,-2.533998e-90,1.000000e+00,4.000000e-01
-3.937500e-01,1.000000e+00,-3.248204e-100,1.000000e+00,5.000000e-01,-7.549688e-89,1.000000e+00,4.000000e-01
-3.912500e-01,1.000000e+00,-6.684454e-99,1.000000e+00,5.000000e-01,-2.242214e-87,1.000000e+00,4.000000e-01
-3.887500e-01,1.000000e+00,-1.365015e-97,1.000000e+00,5.000000e-01,-6.622817e-86,1.000000e+00,4.000000e-01
-3.862500e-01,1.000000e+00,-2.766190e-96,1.000000e+00,5.000000e-01,-1.942754e-84,1.000000e+00,4.000000e-01
-3.837500e-01,1.000000e+00,-5.563410e-95,1.000000e+00,5.000000e-01,-5.658470e-83,1.000000e+00,4.000000e-01
-3.812500e-01,1.000000e+00,-1.110660e-93,1.000000e+00,5.000000e-01,-1.637397e-81,1.000000e+00,4.000000e-01
-3.787500e-01,1.000000e+00,-2.201379e-92,1.000000e+00,5.000000e-01,-4.711108e-80,1.000000e+00,4.000000e-01
-3.762500e-01,1.000000e+00,-4.333080e-91,1.000000e+00,5.000000e-01,-1.348024e-78,1.000000e+00,4.000000e-01
-3.737500e-01,1.000000e+00,-8.472511e-90,1.000000e+00,5.000000e-01,-3.832827e-77,1.000000e+00,4.000000e-01
-3.712500e-01,1.000000e+00,-1.646122e-88,1.000000e+00,5.000000e-01,-1.080895e-75,1.000000e+00,4.000000e-01
-3.687500e-01,1.000000e+00,-3.178659e-87,1.000000e+00,5.000000e-01,-3.016091e-74,1.000000e+00,4.000000e-01
-3.662500e-01,1.000000e+00,-6.101191e-86,1.000000e+00,5.000000e-01,-8.309292e-73,1.000000e+00,4.000000e-01
-3.637500e-01,1.000000e+00,-1.164070e-84,1.000000e+00,5.000000e-01,-2.258053e-71,1.000000e+00,4.000000e-01
-3.612500e-01,1.000000e+00,-2.207438e-83,1.000000e+00,5.000000e-01,-6.059797e-70,1.000000e+00,4.000000e-01
-3.587500e-01,1.000000e+00,-4.159580e-82,1.000000e+00,5.000000e-01,-1.611910e-68,1.000000e+00,4.000000e-01
-3.562500e-01,1.000000e+00,-7.786496e-81,1.000000e+00,5.000000e-01,-4.274689e-67,1.000000e+00,4.000000e-01
-3.537500e-01,1.000000e+00,-1.447578e-79,1.000000e+00,5.000000e-01,-1.137417e-65,1.000000e+00,4.000000e-01
-3.512500e-01,1.000000e+00,-2.672019e-78,1.000000e+00,5.000000e-01,-3.050554e-64,1.000000e+00,4.000000e-01
-3.487500e-01,1.000000e+00,-4.896093e-77,1.000000e+00,5.000000e-01,-8.252765e-63,1.000000e+00,4.000000e-01
-3.462500e-01,1.000000e+00,-8.904528e-76,1.000000e+00,5.000000e-01,-2.244180e-61,1.000000e+00,4.000000e-01
-3.437500e-01,1.000000e+00,-1.607213e-74,1.000000e+00,5.000000e-01,-6.095992e-60,1.000000e+00,4.000000e-01
-3.412500e-01,1.000000e+00,-2.878618e-73,1.000000e+00,5.000000e-01,-1.643044e-58,1.000000e+00,4.000000e-01
-3.387500e-01,1.000000e+00,-5.115357e-72,1.000000e+00,5.000000e-01,-4.371725e-57,1.000000e+00,4.000000e-01
-3.362500e-01,1.000000e+00,-9.017227e-71,1.000000e+00,5.000000e-01,-1.146655e-55,1.000000e+00,4.000000e-01
-3.337500e-01,1.000000e+00,-1.576564e-69,1.000000e+00,5.000000e-01,-2.978145e-54,1.000000e+00,4.000000e-01
-3.312500e-01,1.000000e+00,-2.733872e-68,1.000000e+00,5.000000e-01,-7.742443e-53,1.000000e+00,4.000000e-01
-3.287500e-01,1.000000e+00,-4.702728e-67,1.000000e+00,5.000000e-01,-2.041039e-51,1.000000e+00,4.000000e-01
-3.262500e-01,1.000000e+00,-8.028311e-66,1.000000e+00,5.000000e-01,-5.498465e-50,1.000000e+00,4.000000e-01
-3.237500e-01,1.000000e+00,-1.361197e-64,1.000000e+00,5.000000e-01,-1.510582e-48,1.000000e+00,4.000000e-01
-3.212500e-01,1.000000e+00,-2.294264e-63,1.000000e+00,5.000000e-01,-4.185428e-47,1.000000e+00,4.000000e-01
-3.187500e-01,1.000000e+00,-3.847753e-62,1.000000e+00,5.000000e-01,-1.152447e-45,1.000000e+00,4.000000e-01
-3.162500e-01,1.000000e+00,-6.426173e-61,1.000000e+00,5.000000e-01,-3.116510e-44,1.000000e+00,4.000000e-01
-3.137500e-01,1.000000e+00,-1.069257e-59,1.000000e+00,5.000000e-01,-8.236149e-43,1.000000e+00,4.000000e-01
-3.112500e-01,1.000000e+00,-1.772792e-58,1.000000e+00,5.000000e-01,-2.125275e-41,1.000000e+00,4.000000e-01
-3.087500e-01,1.000000e+00,-2.928684e-57,1.000000e+00,5.000000e-01,-5.357773e-40,1.000000e+00,4.000000e-01
-3.062500e-01,1.000000e+00,-4.821407e-56,1.000000e+00,5.000000e-01,-1.324360e-38,1.000000e+00,4.000000e-01
-3.037500e-01,1.000000e+00,-7.913793e-55,1.000000e+00,5.000000e-01,-3.235028e-37,1.000000e+00,4.000000e-01
-3.012500e-01,1.000000e+00,-1.296430e-53,1.000000e+00,5.000000e-01,-7.828376e-36,1.000000e+00,4.000000e-01
-2.987500e-01,1.000000e+00,-2.122512e-52,1.000000e+00,5.000000e-01,-1.874173e-34,1.000000e+00,4.000000e-01
-2.962500e-01,1.000000e+00,-3.476984e-51,1.000000e+00,5.000000e-01,-4.468197e-33,1.000000e+00,4.000000e-01
-2.937500e-01,1.000000e+00,-5.701601e-50,1.000000e+00,5.000000e-01,-1.073142e-31,1.000000e+00,4.000000e-01
-2.912500e-01,1.000000e+00,-9.352744e-49,1.000000e+00,5.000000e-01,-2.556461e-30,1.000000e+00,4.000000e-01
-2.887500e-01,1.000000e+00,-1.532247e-47,1.000000e+00,5.000000e-01,-6.006835e-29,1.000000e+00,4.000000e-01
-2.862500e-01,1.000000e+00,-2.502686e-46,1.000000e+00,5.000000e-01,-1.432204e-27,1.000000e+00,4.000000e-01
-2.837500e-01,1.000000e+00,-4.072352e-45,1.000000e+00,5.000000e-01,-3.504978e-26,1.000000e+00,4.000000e-01
-2.812500e-01,1.000000e+00,-6.609112e-44,1.000000e+00,5.000000e-01,-8.116923e-25,1.000000e+00,4.000000e-01
-2.787500e-01,1.000000e+00,-1.073064e-42,1.000000e+00,5.000000e-01,-1.865584e-23,1.000000e+00,4.000000e-01
-2.762500e-01,1.000000e+00,-1.749528e-41,1.000000e+00,5.000000e-01,-4.686890e-22,1.000000e+00,4.000000e-01
-2.737500e-01,1.000000e+00,-2.871038e-40,1.000000e+00,5.000000e-01,-1.189105e-20,1.000000e+00,4.000000e-01
-2.712500e-01,1.000000e+00,-4.737571e-39,1.000000e+00,5.000000e-01,-2.347256e-19,1.000000e+00,4.000000e-01
-2.687500e-01,1.000000e+00,-7.824618e-38,1.000000e+00,5.000000e-01,-4.087791e-18,1.000000e+00,4.000000e-01
-2.662500e-01,1.000000e+00,-1.284571e-36,1.000000e+00,5.000000e-01,-7.401729e-17,1.000000e+00,4.000000e-01
-2.637500e-01,1.000000e+00,-2.081323e-35,1.000000e+00,5.000000e-01,-3.373998e-16,1.000000e+00,4.000000e-01
-2.612500e-01,1.000000e+00,-3.309567e-34,1.000000e+00,5.000000e-01,-1.701078e-15,1.000000e+00,4.000000e-01
-2.587500e-01,1.000000e+00,-5.147445e-33,1.000000e+00,5.000000e-01,-6.818886e-15,1.000000e+00,4.000000e-01
-2.562500e-01,1.000000e+00,-7.821380e-32,1.000000e+00,5.000000e-01,-2.510829e-14,1.000000e+00,4.000000e-01
-2.537500e-01,1.000000e+00,-1.162136e-30,1.000000e+00,5.000000e-01,-8.927136e-14,1.000000e+00,4.000000e-01
-2.512500e-01,1.000000e+00,-1.692407e-29,1.000000e+00,5.000000e-01,-3.123008e-13,1.000000e+00,4.000000e-01
-2.487500e-01,1.000000e+00,-2.423138e-28,1.000000e+00,5.000000e-01,-1.078628e-12,1.000000e+00,4.000000e-01
-2.462500e-01,1.000000e+00,-3.427913e-27,1.000000e+00,5.000000e-01,-3.675141e-12,1.000000e+00,4.000000e-01
-2.437500e-01,1.000000e+00,-4.809127e-26,1.000000e+00,5.000000e-01,-1.235141e-11,1.000000e+00,4.000000e-01
-2.412500e-01,1.000000e+00,-6.826115e-25,1.000000e+00,5.000000e-01,-4.096695e-11,1.000000e+00,4.000000e-01
-2.387500e-01,1.000000e+00,-1.048383e-23,1.000000e+00,5.000000e-01,-1.341551e-10,1.000000e+00,4.000000e-01
-2.362500e-01,1.000000e+00,-1.852197e-22,1.000000e+00,5.000000e-01,-4.339564e-10,1.000000e+00,4.000000e-01
-2.337500e-01,1.000000e+00,-3.316091e-21,1.000000e+00,5.000000e-01,-1.387290e-09,1.000000e+00,4.000000e-01
-2.312500e-01,1.000000e+00,-5.672933e-20,1.000000e+00,5.000000e-01,-4.385309e-09,1.000000e+00,4.000000e-01
-2.287500e-01,1.000000e+00,-9.636062e-19,1.000000e+00,5.000000e-01,-1.371463e-08,1.000000e+00,4.000000e-01
-2.262500e-01,1.000000e+00,-1.229979e-17,1.000000e+00,5.000000e-01,-4.245846e-08,1.000000e+00,4.000000e-01
-2.237500e-01,1.000000e+00,-1.143264e-16,1.000000e+00,5.000000e-01,-1.301931e-07,1.000000e+00,4.000000e-01
-2.212500e-01,1.000000e+00,-4.936869e-16,1.000000e+00,5.000001e-01,-3.956410e-07,1.000000e+00,4.000000e-01
-2.187500e-01,1.000000e+00,-1.772251e-15,1.000000e+00,5.000004e-01,-1.192187e-06,1.000001e+00,4.000000e-01
-2.162500e-01,1.000000e+00,-6.610372e-15,1.000000e+00,5.000011e-01,-3.564072e-06,1.000003e+00,4.000000e-01
-2.137500e-01,1.000000e+00,-2.351880e-14,1.000000e+00,5.000032e-01,-1.057594e-05,1.000009e+00,4.000000e-01
-2.112500e-01,1.000000e+00,-8.195065e-14,1.000000e+00,5.000093e-01,-3.116350e-05,1.000026e+00,4.000000e-01
-2.087500e-01,1.000000e+00,-2.820860e-13,1.000000e+00,5.000273e-01,-9.121784e-05,1.000076e+00,4.000000e-01
-2.062500e-01,1.000000e+00,-9.605712e-13,1.000000e+00,5.000793e-01,-2.652987e-04,1.000222e+00,4.000000e-01
-2.037500e-01,1.000000e+00,-3.240300e-12,1.000000e+00,5.002291e-01,-7.667970e-04,1.000642e+00,4.000000e-01
-2.012500e-01,1.000000e+00,-1.083867e-11,1.000000e+00,5.006581e-01,-2.201903e-03,1.001844e+00,4.000000e-01
-1.987500e-01,1.000000e+00,-3.595365e-11,1.000000e+00,5.018763e-01,-6.273906e-03,1.005260e+00,4.000000e-01
-1.962500e-01,1.000000e+00,-1.181892e-10,1.000000e+00,5.052716e-01,-1.759877e-02,1.014808e+00,4.000000e-01
-1.937500e-01,1.000000e+00,-3.838621e-10,1.000000e+00,5.143709e-01,-4.775520e-02,1.040585e+00,4.000000e-01
-1.912500e-01,1.000000e+00,-1.221696e-09,1.000000e+00,5.345050e-01,-1.132088e-01,1.098366e+00,4.000000e-01
-1.887500e-01,1.000000e+00,-3.763663e-09,1.000000e+00,5.617116e-01,-1.982311e-01,1.177822e+00,4.000000e-01
-1.862500e-01,1.000000e+00,-1.116686e-08,1.000000e+00,5.767178e-01,-2.437665e-01,1.222192e+00,4.000000e-01
-1.837500e-01,1.000000e+00,-3.208943e-08,1.000000e+00,5.906497e-01,-2.848958e-01,1.263847e+00,4.000000e-01
-1.812500e-01,1.000000e+00,-8.967896e-08,1.000000e+00,5.966167e-01,-3.021850e-01,1.281740e+00,4.000000e-01
-1.787500e-01,1.000000e+00,-2.446863e-07,1.000000e+00,6.023580e-01,-3.190324e-01,1.299091e+00,4.000000e-01
-1.762500e-01,1.000001e+00,-6.536451e-07,1.000001e+00,6.045806e-01,-3.254363e-01,1.305767e+00,4.000000e-01
-1.737500e-01,1.000001e+00,-1.713688e-06,1.000002e+00,6.067894e-01,-3.317403e-01,1.312485e+00,4.000000e-01
-1.712500e-01,1.000004e+00,-4.417658e-06,1.000005e+00,6.076012e-01,-3.340173e-01,1.314924e+00,4.000000e-01
-1.687500e-01,1.000009e+00,-1.121536e-05,1.000013e+00,6.083856e-01,-3.363312e-01,1.317319e+00,4.000000e-01
-1.662500e-01,1.000024e+00,-2.807840e-05,1.000033e+00,6.086527e-01,-3.371215e-01,1.318131e+00,4.000000e-01
-1.637500e-01,1.000059e+00,-6.940268e-05,1.000082e+00,6.089248e-01,-3.378846e-01,1.318968e+00,4.000000e-01
-1.612500e-01,1.000143e+00,-1.695372e-04,1.000201e+00,6.090106e-01,-3.381123e-01,1.319235e+00,4.000000e-01
-1.587500e-01,1.000346e+00,-4.096532e-04,1.000485e+00,6.090900e-01,-3.383492e-01,1.319487e+00,4.000000e-01
-1.562500e-01,1.000828e+00,-9.797374e-04,1.001160e+00,6.091086e-01,-3.384109e-01,1.319548e+00,4.000000e-01
-1.537500e-01,1.001961e+00,-2.319694e-03,1.002748e+00,6.091259e-01,-3.384685e-01,1.319605e+00,4.000000e-01
-1.512500e-01,1.004597e+00,-5.432727e-03,1.006444e+00,6.091291e-01,-3.384752e-01,1.319613e+00,4.000000e-01
-1.487500e-01,1.010631e+00,-1.254511e-02,1.014930e+00,6.091314e-01,-3.384763e-01,1.319619e+00,4.000000e-01
-1.462500e-01,1.024082e+00,-2.831829e-02,1.033951e+00,6.091297e-01,-3.384671e-01,1.319611e+00,4.000000e-01
-1.437500e-01,1.052595e+00,-6.136264e-02,1.074730e+00,6.091266e-01,-3.384607e-01,1.319605e+00,4.000000e-01
-1.412500e-01,1.107737e+00,-1.234500e-01,1.155004e+00,6.091231e-01,-3.384578e-01,1.319598e+00,4.000000e-01
-1.387500e-01,1.173279e+00,-1.937020e-01,1.252522e+00,6.091199e-01,-3.384573e-01,1.319596e+00,4.000000e-01
-1.362500e-01,1.220394e+00,-2.423963e-01,1.323899e+00,6.091172e-01,-3.384576e-01,1.319598e+00,4.000000e-01
-1.337500e-01,1.249542e+00,-2.716805e-01,1.368537e+00,6.091142e-01,-3.384596e-01,1.319601e+00,4.000000e-01
-1.312500e-01,1.266575e+00,-2.885044e-01,1.394762e+00,6.091108e-01,-3.384608e-01,1.319605e+00,4.000000e-01
-1.287500e-01,1.276194e+00,-2.979233e-01,1.409629e+00,6.091067e-01,-3.384599e-01,1.319606e+00,4.000000e-01
-1.262500e-01,1.281507e+00,-3.031190e-01,1.417883e+00,6.091027e-01,-3.384570e-01,1.319607e+00,4.000000e-01
-1.237500e-01,1.284408e+00,-3.059497e-01,1.422405e+00,6.090982e-01,-3.384525e-01,1.319605e+00,4.000000e-01
-1.212500e-01,1.285991e+00,-3.074717e-01,1.424871e+00,6.090921e-01,-3.384431e-01,1.319596e+00,4.000000e-01
-1.187500e-01,1.286851e+00,-3.082783e-01,1.426205e+00,6.090847e-01,-3.384317e-01,1.319581e+00,4.000000e-01
-1.162500e-01,1.287303e+00,-3.087057e-01,1.426913e+00,6.090772e-01,-3.384230e-01,1.319565e+00,4.000000e-01
-1.137500e-01,1.287522e+00,-3.089354e-01,1.427276e+00,6.090687e-01,-3.384185e-01,1.319548e+00,4.000000e-01
-1.112500e-01,1.287621e+00,-3.090624e-01,1.427459e+00,6.090598e-01,-3.384149e-01,1.319533e+00,4.000000e-01
-1.087500e-01,1.287670e+00,-3.091364e-01,1.427556e+00,6.090502e-01,-3.384111e-01,1.319522e+00,4.000000e-01
-1.062500e-01,1.287697e+00,-3.091855e-01,1.427613e+00,6.090425e-01,-3.384064e-01,1.319514e+00,4.000000e-01
-1.037500e-01,1.287711e+00,-3.092245e-01,1.427652e+00,6.090382e-01,-3.384014e-01,1.319509e+00,4.000000e-01
-1.012500e-01,1.287714e+00,-3.092565e-01,1.427684e+00,6.090374e-01,-3.383955e-01,1.319506e+00,4.000000e-01
-9.875000e-02,1.287711e+00,-3.092790e-01,1.427716e+00,6.090390e-01,-3.383902e-01,1.319504e+00,4.000000e-01
-9.625000e-02,1.287708e+00,-3.092903e-01,1.427749e+00,6.090436e-01,-3.383849e-01,1.319500e+00,4.000000e-01
-9.375000e-02,1.287705e+00,-3.092927e-01,1.427780e+00,6.090474e-01,-3.383796e-01,1.319497e+00,4.000000e-01
-9.125000e-02,1.287700e+00,-3.092917e-01,1.427802e+00,6.090483e-01,-3.383734e-01,1.319491e+00,4.000000e-01
-8.875000e-02,1.287686e+00,-3.092899e-01,1.427812e+00,6.090474e-01,-3.383687e-01,1.319486e+00,4.000000e-01
-8.625000e-02,1.287657e+00,-3.092898e-01,1.427813e+00,6.090429e-01,-3.383642e-01,1.319482e+00,4.000000e-01
-8.375000e-02,1.287614e+00,-3.092886e-01,1.427804e+00,6.090371e-01,-3.383596e-01,1.319479e+00,4.000000e-01
-8.125000e-02,1.287564e+00,-3.092934e-01,1.427797e+00,6.090331e-01,-3.383561e-01,1.319475e+00,4.000000e-01
-7.875000e-02,1.287513e+00,-3.093039e-01,1.427792e+00,6.090299e-01,-3.383548e-01,1.319472e+00,4.000000e-01
-7.625000e-02,1.287471e+00,-3.093174e-01,1.427792e+00,6.090277e-01,-3.383549e-01,1.319471e+00,4.000000e-01
-7.375000e-02,1.287435e+00,-3.093364e-01,1.427805e+00,6.090260e-01,-3.383560e-01,1.319471e+00,4.000000e-01
-7.125000e-02,1.287391e+00,-3.093513e-01,1.427819e+00,6.090266e-01,-3.383623e-01,1.319478e+00,4.000000e-01
-6.875000e-02,1.287334e+00,-3.093565e-01,1.427828e+00,6.090274e-01,-3.383695e-01,1.319486e+00,4.000000e-01
-6.625000e-02,1.287255e+00,-3.093552e-01,1.427830e+00,6.090268e-01,-3.383719e-01,1.319490e+00,4.000000e-01
-6.375000e-02,1.287152e+00,-3.093461e-01,1.427827e+00,6.090233e-01,-3.383686e-01,1.319487e+00,4.000001e-01
-6.125000e-02,1.287014e+00,-3.093342e-01,1.427822e+00,6.090103e-01,-3.383443e-01,1.319463e+00,4.000005e-01
-5.875000e-02,1.286871e+00,-3.093240e-01,1.427821e+00,6.089980e-01,-3.383160e-01,1.319434e+00,4.000021e-01
-5.625000e-02,1.286774e+00,-3.093212e-01,1.427818e+00,6.090059e-01,-3.382998e-01,1.319423e+00,4.000080e-01
-5.375000e-02,1.286701e+00,-3.093284e-01,1.427816e+00,6.090591e-01,-3.383136e-01,1.319432e+00,4.000288e-01
-5.125000e-02,1.286639e+00,-3.093522e-01,1.427823e+00,6.092676e-01,-3.383786e-01,1.319490e+00,4.000986e-01
-4.875000e-02,1.286705e+00,-3.093800e-01,1.427792e+00,6.098863e-01,-3.384291e-01,1.319527e+00,4.003193e-01
-4.625000e-02,1.287281e+00,-3.093948e-01,1.427618e+00,6.115627e-01,-3.383446e-01,1.319396e+00,4.009761e-01
-4.375000e-02,1.289269e+00,-3.093943e-01,1.427105e+00,6.159872e-01,-3.383174e-01,1.319259e+00,4.028079e-01
-4.125000e-02,1.294864e+00,-3.093948e-01,1.425833e+00,6.268274e-01,-3.387347e-01,1.319443e+00,4.075684e-01
-3.875000e-02,1.308167e+00,-3.093924e-01,1.422918e+00,6.502869e-01,-3.397609e-01,1.320002e+00,4.190253e-01
-3.625000e-02,1.335116e+00,-3.093800e-01,1.417028e+00,6.897794e-01,-3.411780e-01,1.320050e+00,4.443463e-01
-3.375000e-02,1.380379e+00,-3.094236e-01,1.407092e+00,7.639804e-01,-3.432021e-01,1.318760e+00,4.950555e-01
-3.125000e-02,1.438943e+00,-3.095006e-01,1.393496e+00,9.174947e-01,-3.505584e-01,1.316004e+00,5.834249e-01
-2.875000e-02,1.480555e+00,-3.093926e-01,1.383743e+00,1.059350e+00,-3.607180e-01,1.320941e+00,6.704353e-01
-2.625000e-02,1.503754e+00,-3.094336e-01,1.378338e+00,1.081488e+00,-3.745350e-01,1.317341e+00,7.310127e-01
-2.375000e-02,1.516147e+00,-3.094295e-01,1.375458e+00,1.097661e+00,-3.842468e-01,1.317198e+00,7.675664e-01
-2.125000e-02,1.522471e+00,-3.093727e-01,1.374146e+00,1.106811e+00,-3.908207e-01,1.316788e+00,7.866764e-01
-1.875000e-02,1.525381e+00,-3.094004e-01,1.373482e+00,1.110265e+00,-3.942626e-01,1.316467e+00,7.952865e-01
-1.625000e-02,1.526572e+00,-3.094975e-01,1.373081e+00,1.111175e+00,-3.958362e-01,1.316091e+00,7.985946e-01
-1.375000e-02,1.527254e+00,-3.094367e-01,1.373106e+00,1.111562e+00,-3.962278e-01,1.316150e+00,7.996599e-01
-1.125000e-02,1.527653e+00,-3.093688e-01,1.373203e+00,1.111736e+00,-3.963060e-01,1.316201e+00,7.999386e-01
-8.750000e-03,1.527779e+00,-3.094182e-01,1.373126e+00,1.111761e+00,-3.963886e-01,1.316109e+00,7.999942e-01
-6.250000e-03,1.527872e+00,-3.094481e-01,1.373059e+00,1.111823e+00,-3.964001e-01,1.316101e+00,8.000011e-01
-3.750000e-03,1.527974e+00,-3.094502e-01,1.373046e+00,1.111917e+00,-3.963914e-01,1.316100e+00,8.000009e-01
-1.250000e-03,1.528096e+00,-3.094321e-01,1.373084e+00,1.111986e+00,-3.963746e-01,1.316130e+00,8.000001e-01
1.250000e-03,1.528211e+00,-3.094046e-01,1.373132e+00,1.112034e+00,-3.963657e-01,1.316145e+00,8.000000e-01
3.750000e-03,1.528290e+00,-3.093966e-01,1.373156e+00,1.112055e+00,-3.963776e-01,1.316114e+00,8.000000e-01
6.250000e-03,1.528328e+00,-3.094111e-01,1.373137e+00,1.112054e+00,-3.964338e-01,1.316062e+00,8.000000e-01
8.750000e-03,1.528337e+00,-3.094360e-01,1.373096e+00,1.112022e+00,-3.965061e-01,1.315971e+00,8.000000e-01
1.125000e-02,1.528362e+00,-3.094441e-01,1.373080e+00,1.112004e+00,-3.965496e-01,1.315903e+00,8.000000e-01
1.375000e-02,1.528406e+00,-3.094373e-01,1.373092e+00,1.112002e+00,-3.965620e-01,1.315864e+00,8.000000e-01
1.625000e-02,1.528456e+00,-3.094226e-01,1.373115e+00,1.112005e+00,-3.965674e-01,1.315837e+00,8.000000e-01
1.875000e-02,1.528493e+00,-3.094163e-01,1.373126e+00,1.112014e+00,-3.965890e-01,1.315820e+00,8.000000e-01
2.125000e-02,1.528508e+00,-3.094223e-01,1.373113e+00,1.112018e+00,-3.966345e-01,1.315798e+00,8.000000e-01
2.375000e-02,1.528502e+00,-3.094409e-01,1.373083e+00,1.111991e+00,-3.966814e-01,1.315729e+00,8.000000e-01
2.625000e-02,1.528509e+00,-3.094522e-01,1.373066e+00,1.111956e+00,-3.967198e-01,1.315651e+00,8.000000e-01
2.875000e-02,1.528537e+00,-3.094505e-01,1.373073e+00,1.111939e+00,-3.967344e-01,1.315602e+00,8.000000e-01
3.125000e-02,1.528578e+00,-3.094373e-01,1.373099e+00,1.111933e+00,-3.967449e-01,1.315577e+00,8.000000e-01
3.375000e-02,1.528619e+00,-3.094197e-01,1.373132e+00,1.111946e+00,-3.967676e-01,1.315581e+00,8.000000e-01
3.625000e-02,1.528636e+00,-3.094168e-01,1.373139e+00,1.111954e+00,-3.968048e-01,1.315582e+00,8.000000e-01
3.875000e-02,1.528630e+00,-3.094231e-01,1.373120e+00,1.111928e+00,-3.968308e-01,1.315523e+00,8.000000e-01
4.125000e-02,1.528607e+00,-3.094454e-01,1.373074e+00,1.111882e+00,-3.968461e-01,1.315433e+00,8.000000e-01
4.375000e-02,1.528563e+00,-3.094900e-01,1.373002e+00,1.111838e+00,-3.968789e-01,1.315349e+00,8.000000e-01
4.625000e-02,1.528507e+00,-3.095441e-01,1.372914e+00,1.111826e+00,-3.969269e-01,1.315317e+00,8.000000e-01
4.875000e-02,1.528490e+00,-3.095695e-01,1.372877e+00,1.111849e+00,-3.969874e-01,1.315344e+00,8.000000e-01
5.125000e-02,1.528492e+00,-3.095716e-01,1.372886e+00,1.111856e+00,-3.970210e-01,1.315348e+00,8.000000e-01
5.375000e-02,1.528545e+00,-3.095412e-01,1.372930e+00,1.111825e+00,-3.970015e-01,1.315288e+00,8.000000e-01
5.625000e-02,1.528677e+00,-3.094480e-01,1.373091e+00,1.111760e+00,-3.969319e-01,1.315164e+00,8.000000e-01
5.875000e-02,1.529014e+00,-3.092123e-01,1.373492e+00,1.111766e+00,-3.968785e-01,1.315169e+00,8.000000e-01
6.125000e-02,1.529689e+00,-3.087052e-01,1.374346e+00,1.111951e+00,-3.968925e-01,1.315465e+00,8.000000e-01
6.375000e-02,1.531010e+00,-3.077436e-01,1.375996e+00,1.112242e+00,-3.968312e-01,1.315957e+00,8.000000e-01
6.625000e-02,1.533309e+00,-3.060710e-01,1.378886e+00,1.112560e+00,-3.963523e-01,1.316443e+00,8.000000e-01
6.875000e-02,1.537011e+00,-3.033782e-01,1.383530e+00,1.112879e+00,-3.953885e-01,1.316998e+00,8.000000e-01
7.125000e-02,1.542525e+00,-2.993602e-01,1.390480e+00,1.113951e+00,-3.942523e-01,1.318752e+00,8.000000e-01
7.375000e-02,1.550241e+00,-2.937573e-01,1.400221e+00,1.115876e+00,-3.927959e-01,1.321938e+00,8.000000e-01
7.625000e-02,1.560414e+00,-2.864017e-01,1.413094e+00,1.118276e+00,-3.900034e-01,1.325918e+00,8.000000e-01
7.875000e-02,1.573149e+00,-2.772501e-01,1.429250e+00,1.121246e+00,-3.855033e-01,1.330857e+00,8.000000e-01
8.125000e-02,1.588380e+00,-2.663795e-01,1.448644e+00,1.126116e+00,-3.803501e-01,1.338931e+00,8.000000e-01
8.375000e-02,1.605915e+00,-2.539640e-01,1.471079e+00,1.132617e+00,-3.739395e-01,1.349765e+00,8.000000e-01
8.625000e-02,1.625507e+00,-2.402307e-01,1.496254e+00,1.139732e+00,-3.648851e-01,1.361651e+00,8.000000e-01
8.875000e-02,1.646853e+00,-2.254161e-01,1.523822e+00,1.148574e+00,-3.544330e-01,1.376447e+00,8.000000e-01
9.125000e-02,1.669668e+00,-2.097420e-01,1.553444e+00,1.159584e+00,-3.432422e-01,1.394943e+00,8.000000e-01
9.375000e-02,1.693702e+00,-1.934044e-01,1.584835e+00,1.171239e+00,-3.298745e-01,1.414612e+00,8.000000e-01
9.625000e-02,1.718770e+00,-1.765645e-01,1.617767e+00,1.183947e+00,-3.151330e-01,1.436137e+00,8.000000e-01
9.875000e-02,1.744726e+00,-1.593429e-01,1.652059e+00,1.198405e+00,-3.001521e-01,1.460736e+00,8.000000e-01
1.012500e-01,1.771438e+00,-1.418257e-01,1.687571e+00,1.213299e+00,-2.838659e-01,1.486214e+00,8.000000e-01
1.037500e-01,1.798828e+00,-1.240780e-01,1.724212e+00,1.228753e+00,-2.667362e-01,1.512779e+00,8.000000e-01
1.062500e-01,1.826861e+00,-1.061527e-01,1.761942e+00,1.245356e+00,-2.496532e-01,1.541462e+00,8.000000e-01
1.087500e-01,1.855427e+00,-8.805745e-02,1.800640e+00,1.262184e+00,-2.318672e-01,1.570694e+00,8.000000e-01
1.112500e-01,1.883397e+00,-7.060077e-02,1.838740e+00,1.279362e+00,-2.136951e-01,1.600706e+00,8.000000e-01
1.137500e-01,1.908460e+00,-5.513863e-02,1.873072e+00,1.297274e+00,-1.956480e-01,1.632160e+00,8.000000e-01
1.162500e-01,1.930274e+00,-4.181236e-02,1.903100e+00,1.315276e+00,-1.771761e-01,1.663950e+00,8.000000e-01
1.187500e-01,1.948627e+00,-3.069303e-02,1.928470e+00,1.333629e+00,-1.586243e-01,1.696546e+00,8.000000e-01
1.212500e-01,1.963466e+00,-2.176322e-02,1.949053e+00,1.352400e+00,-1.401049e-01,1.730067e+00,8.000000e-01
1.237500e-01,1.974953e+00,-1.488695e-02,1.965030e+00,1.371319e+00,-1.213926e-01,1.764036e+00,8.000000e-01
1.262500e-01,1.983452e+00,-9.819403e-03,1.976875e+00,1.390543e+00,-1.027008e-01,1.798765e+00,8.000000e-01
1.287500e-01,1.989462e+00,-6.246026e-03,1.985265e+00,1.409678e+00,-8.427663e-02,1.833504e+00,8.000000e-01
1.312500e-01,1.993528e+00,-3.833046e-03,1.990946e+00,1.427337e+00,-6.746731e-02,1.865729e+00,8.000000e-01
1.337500e-01,1.996164e+00,-2.271004e-03,1.994632e+00,1.443157e+00,-5.254964e-02,1.894734e+00,8.000000e-01
1.362500e-01,1.997803e+00,-1.300198e-03,1.996925e+00,1.456930e+00,-3.966914e-02,1.920087e+00,8.000000e-01
1.387500e-01,1.998783e+00,-7.199933e-04,1.998297e+00,1.468495e+00,-2.892774e-02,1.941452e+00,8.000000e-01
1.412500e-01,1.999348e+00,-3.859959e-04,1.999087e+00,1.477809e+00,-2.032558e-02,1.958708e+00,8.000000e-01
1.437500e-01,1.999661e+00,-2.005254e-04,1.999526e+00,1.484975e+00,-1.373653e-02,1.972014e+00,8.000000e-01
1.462500e-01,1.999829e+00,-1.010355e-04,1.999761e+00,1.490229e+00,-8.920963e-03,1.981787e+00,8.000000e-01
1.487500e-01,1.999916e+00,-4.941646e-05,1.999883e+00,1.493898e+00,-5.566387e-03,1.988619e+00,8.000000e-01
1.512500e-01,1.999960e+00,-2.348178e-05,1.999944e+00,1.496338e+00,-3.338607e-03,1.993168e+00,8.000000e-01
1.537500e-01,1.999982e+00,-1.084956e-05,1.999974e+00,1.497886e+00,-1.926632e-03,1.996055e+00,8.000000e-01
1.562500e-01,1.999992e+00,-4.878248e-06,1.999988e+00,1.498824e+00,-1.071078e-03,1.997806e+00,8.000000e-01
1.587500e-01,1.999996e+00,-2.136103e-06,1.999995e+00,1.499369e+00,-5.744472e-04,1.998823e+00,8.000000e-01
1.612500e-01,1.999998e+00,-9.116028e-07,1.999998e+00,1.499673e+00,-2.976625e-04,1.999390e+00,8.000000e-01
1.637500e-01,1.999999e+00,-3.794139e-07,1.999999e+00,1.499836e+00,-1.492337e-04,1.999694e+00,8.000000e-01
1.662500e-01,2.000000e+00,-1.541077e-07,2.000000e+00,1.499920e+00,-7.248803e-05,1.999851e+00,8.000000e-01
1.687500e-01,2.000000e+00,-6.112214e-08,2.000000e+00,1.499963e+00,-3.415585e-05,1.999930e+00,8.000000e-01
1.712500e-01,2.000000e+00,-2.368515e-08,2.000000e+00,1.499983e+00,-1.562995e-05,1.999968e+00,8.000000e-01
1.737500e-01,2.000000e+00,-8.971801e-09,2.000000e+00,1.499992e+00,-6.953302e-06,1.999986e+00,8.000000e-01
1.762500e-01,2.000000e+00,-3.323655e-09,2.000000e+00,1.499997e+00,-3.010027e-06,1.999994e+00,8.000000e-01
1.787500e-01,2.000000e+00,-1.204694e-09,2.000000e+00,1.499999e+00,-1.268999e-06,1.999997e+00,8.000000e-01
1.812500e-01,2.000000e+00,-4.274059e-10,2.000000e+00,1.499999e+00,-5.214305e-07,1.999999e+00,8.000000e-01
1.837500e-01,2.000000e+00,-1.484820e-10,2.000000e+00,1.500000e+00,-2.089671e-07,2.000000e+00,8.000000e-01
1.862500e-01,2.000000e+00,-5.052814e-11,2.000000e+00,1.500000e+00,-8.173016e-08,2.000000e+00,8.000000e-01
1.887500e-01,2.000000e+00,-1.684880e-11,2.000000e+00,1.500000e+00,-3.121500e-08,2.000000e+00,8.000000e-01
1.912500e-01,2.000000e+00,-5.506982e-12,2.000000e+00,1.500000e+00,-1.164808e-08,2.000000e+00,8.000000e-01
1.937500e-01,2.000000e+00,-1.764815e-12,2.000000e+00,1.500000e+00,-4.248845e-09,2.000000e+00,8.000000e-01
1.962500e-01,2.000000e+00,-5.545003e-13,2.000000e+00,1.500000e+00,-1.515699e-09,2.000000e+00,8.000000e-01
1.987500e-01,2.000000e+00,-1.707724e-13,2.000000e+00,1.500000e+00,-5.290127e-10,2.000000e+00,8.000000e-01
2.012500e-01,2.000000e+00,-5.166853e-14,2.000000e+00,1.500000e+00,-1.807187e-10,2.000000e+00,8.000000e-01
2.037500e-01,2.000000e+00,-1.541866e-14,2.000000e+00,1.500000e+00,-6.044849e-11,2.000000e+00,8.000000e-01
2.062500e-01,2.000000e+00,-4.605247e-15,2.000000e+00,1.500000e+00,-1.980461e-11,2.000000e+00,8.000000e-01
2.087500e-01,2.000000e+00,-1.319409e-15,2.000000e+00,1.500000e+00,-6.357325e-12,2.000000e+00,8.000000e-01
2.112500e-01,2.000000e+00,-3.398012e-16,2.000000e+00,1.500000e+00,-2.000069e-12,2.000000e+00,8.000000e-01
2.137500e-01,2.000000e+00,-6.154649e-17,2.000000e+00,1.500000e+00,-6.168981e-13,2.000000e+00,8.000000e-01
2.162500e-01,2.000000e+00,-3.120316e-18,2.000000e+00,1.500000e+00,-1.864700e-13,2.000000e+00,8.000000e-01
2.187500e-01,2.000000e+00,-1.773868e-19,2.000000e+00,1.500000e+00,-5.517533e-14,2.000000e+00,8.000000e-01
2.212500e-01,2.000000e+00,-1.005274e-20,2.000000e+00,1.500000e+00,-1.586750e-14,2.000000e+00,8.000000e-01
2.237500e-01,2.000000e+00,-5.504225e-22,2.000000e+00,1.500000e+00,-4.374795e-15,2.000000e+00,8.000000e-01
2.262500e-01,2.000000e+00,-3.071041e-23,2.000000e+00,1.500000e+00,-1.158876e-15,2.000000e+00,8.000000e-01
2.287500e-01,2.000000e+00,-1.695186e-24,2.000000e+00,1.500000e+00,-2.785974e-16,2.000000e+00,8.000000e-01
2.312500e-01,2.000000e+00,-9.255009e-26,2.000000e+00,1.500000e+00,-1.874677e-17,2.000000e+00,8.000000e-01
2.337500e-01,2.000000e+00,-5.012781e-27,2.000000e+00,1.500000e+00,-1.113873e-18,2.000000e+00,8.000000e-01
2.362500e-01,2.000000e+00,-2.669540e-28,2.000000e+00,1.500000e+00,-5.371377e-20,2.000000e+00,8.000000e-01
2.387500e-01,2.000000e+00,-1.394385e-29,2.000000e+00,1.500000e+00,-2.501936e-21,2.000000e+00,8.000000e-01
2.412500e-01,2.000000e+00,-7.123574e-31,2.000000e+00,1.500000e+00,-1.077542e-22,2.000000e+00,8.000000e-01
2.437500e-01,2.000000e+00,-3.549859e-32,2.000000e+00,1.500000e+00,-4.278173e-24,2.000000e+00,8.000000e-01
2.462500e-01,2.000000e+00,-1.727996e-33,2.000000e+00,1.500000e+00,-1.727917e-25,2.000000e+00,8.000000e-01
2.487500e-01,2.000000e+00,-8.260080e-35,2.000000e+00,1.500000e+00,-7.395271e-27,2.000000e+00,8.000000e-01
2.512500e-01,2.000000e+00,-3.918085e-36,2.000000e+00,1.500000e+00,-3.351506e-28,2.000000e+00,8.000000e-01
2.537500e-01,2.000000e+00,-1.872597e-37,2.000000e+00,1.500000e+00,-1.527207e-29,2.000000e+00,8.000000e-01
2.562500e-01,2.000000e+00,-9.160131e-39,2.000000e+00,1.500000e+00,-6.797150e-31,2.000000e+00,8.000000e-01
2.587500e-01,2.000000e+00,-4.631565e-40,2.000000e+00,1.500000e+00,-2.937934e-32,2.000000e+00,8.000000e-01
2.612500e-01,2.000000e+00,-2.420249e-41,2.000000e+00,1.500000e+00,-1.249975e-33,2.000000e+00,8.000000e-01
2.637500e-01,2.000000e+00,-1.296091e-42,2.000000e+00,1.500000e+00,-5.327933e-35,2.000000e+00,8.000000e-01
2.662500e-01,2.000000e+00,-7.035512e-44,2.000000e+00,1.500000e+00,-2.301356e-36,2.000000e+00,8.000000e-01
2.687500e-01,2.000000e+00,-3.836559e-45,2.000000e+00,1.500000e+00,-1.007257e-37,2.000000e+00,8.000000e-01
2.712500e-01,2.000000e+00,-2.089662e-46,2.000000e+00,1.500000e+00,-4.426184e-39,2.000000e+00,8.000000e-01
2.737500e-01,2.000000e+00,-1.133068e-47,2.000000e+00,1.500000e+00,-1.934779e-40,2.000000e+00,8.000000e-01
2.762500e-01,2.000000e+00,-6.103504e-49,2.000000e+00,1.500000e+00,-8.387829e-42,2.000000e+00,8.000000e-01
2.787500e-01,2.000000e+00,-3.260993e-50,2.000000e+00,1.500000e+00,-3.616916e-43,2.000000e+00,8.000000e-01
2.812500e-01,2.000000e+00,-1.725652e-51,2.000000e+00,1.500000e+00,-1.559124e-44,2.000000e+00,8.000000e-01
2.837500e-01,2.000000e+00,-9.033357e-53,2.000000e+00,1.500000e+00,-6.740009e-46,2.000000e+00,8.000000e-01
2.862500e-01,2.000000e+00,-4.673170e-54,2.000000e+00,1.500000e+00,-2.921068e-47,2.000000e+00,8.000000e-01
2.887500e-01,2.000000e+00,-2.387706e-55,2.000000e+00,1.500000e+00,-1.265512e-48,2.000000e+00,8.000000e-01
2.912500e-01,2.000000e+00,-1.204802e-56,2.000000e+00,1.500000e+00,-5.462622e-50,2.000000e+00,8.000000e-01
2.937500e-01,2.000000e+00,-6.006737e-58,2.000000e+00,1.500000e+00,-2.344477e-51,2.000000e+00,8.000000e-01
2.962500e-01,2.000000e+00,-2.962532e-59,2.000000e+00,1.500000e+00,-9.998858e-53,2.000000e+00,8.000000e-01
2.987500e-01,2.000000e+00,-1.448077e-60,2.000000e+00,1.500000e+00,-4.238110e-54,2.000000e+00,8.000000e-01
3.012500e-01,2.000000e+00,-7.031763e-62,2.000000e+00,1.500000e+00,-1.785001e-55,2.000000e+00,8.000000e-01
3.037500e-01,2.000000e+00,-3.401287e-63,2.000000e+00,1.500000e+00,-7.463319e-57,2.000000e+00,8.000000e-01
3.062500e-01,2.000000e+00,-1.642998e-64,2.000000e+00,1.500000e+00,-3.093130e-58,2.000000e+00,8.000000e-01
3.087500e-01,2.000000e+00,-7.941318e-66,2.000000e+00,1.500000e+00,-1.268943e-59,2.000000e+00,8.000000e-01
3.112500e-01,2.000000e+00,-3.844322e-67,2.000000e+00,1.500000e+00,-5.150125e-61,2.000000e+00,8.000000e-01
3.137500e-01,2.000000e+00,-1.863400e-68,2.000000e+00,1.500000e+00,-2.069007e-62,2.000000e+00,8.000000e-01
3.162500e-01,2.000000e+00,-9.031547e-70,2.000000e+00,1.500000e+00,-8.240268e-64,2.000000e+00,8.000000e-01
3.187500e-01,2.000000e+00,-4.367913e-71,2.000000e+00,1.500000e+00,-3.260311e-65,2.000000e+00,8.000000e-01
3.212500e-01,2.000000e+00,-2.102846e-72,2.000000e+00,1.500000e+00,-1.284144e-66,2.000000e+00,8.000000e-01
3.237500e-01,2.000000e+00,-1.005534e-73,2.000000e+00,1.500000e+00,-5.043196e-68,2.000000e+00,8.000000e-01
3.262500e-01,2.000000e+00,-4.767325e-75,2.000000e+00,1.500000e+00,-1.976738e-69,2.000000e+00,8.000000e-01
3.287500e-01,2.000000e+00,-2.238408e-76,2.000000e+00,1.500000e+00,-7.735456e-71,2.000000e+00,8.000000e-01
3.312500e-01,2.000000e+00,-1.040293e-77,2.000000e+00,1.500000e+00,-3.021762e-72,2.000000e+00,8.000000e-01
3.337500e-01,2.000000e+00,-4.785450e-79,2.000000e+00,1.500000e+00,-1.177867e-73,2.000000e+00,8.000000e-01
3.362500e-01,2.000000e+00,-2.179785e-80,2.000000e+00,1.500000e+00,-4.578764e-75,2.000000e+00,8.000000e-01
3.387500e-01,2.000000e+00,-9.837995e-82,2.000000e+00,1.500000e+00,-1.773886e-76,2.000000e+00,8.000000e-01
3.412500e-01,2.000000e+00,-4.402677e-83,2.000000e+00,1.500000e+00,-6.843900e-78,2.000000e+00,8.000000e-01
3.437500e-01,2.000000e+00,-1.954962e-84,2.000000e+00,1.500000e+00,-2.627473e-79,2.000000e+00,8.000000e-01
3.462500e-01,2.000000e+00,-8.617915e-86,2.000000e+00,1.500000e+00,-1.002967e-80,2.000000e+00,8.000000e-01
3.487500e-01,2.000000e+00,-3.772729e-87,2.000000e+00,1.500000e+00,-3.803937e-82,2.000000e+00,8.000000e-01
3.512500e-01,2.000000e+00,-1.640451e-88,2.000000e+00,1.500000e+00,-1.432563e-83,2.000000e+00,8.000000e-01
3.537500e-01,2.000000e+00,-7.084767e-90,2.000000e+00,1.500000e+00,-5.354723e-85,2.000000e+00,8.000000e-01
3.562500e-01,2.000000e+00,-3.038845e-91,2.000000e+00,1.500000e+00,-1.986095e-86,2.000000e+00,8.000000e-01
3.587500e-01,2.000000e+00,-1.294413e-92,2.000000e+00,1.500000e+00,-7.309625e-88,2.000000e+00,8.000000e-01
3.612500e-01,2.000000e+00,-5.475167e-94,2.000000e+00,1.500000e+00,-2.669967e-89,2.000000e+00,8.000000e-01
3.637500e-01,2.000000e+00,-2.299793e-95,2.000000e+00,1.500000e+00,-9.682511e-91,2.000000e+00,8.000000e-01
3.662500e-01,2.000000e+00,-9.593555e-97,2.000000e+00,1.500000e+00,-3.487682e-92,2.000000e+00,8.000000e-01
3.687500e-01,2.000000e+00,-3.974777e-98,2.000000e+00,1.500000e+00,-1.248373e-93,2.000000e+00,8.000000e-01
3.712500e-01,2.000000e+00,-1.635771e-99,2.000000e+00,1.500000e+00,-4.441734e-95,2.000000e+00,8.000000e-01
3.737500e-01,2.000000e+00,-6.686716e-101,2.000000e+00,1.500000e+00,-1.571151e-96,2.000000e+00,8.000000e-01
3.762500e-01,2.000000e+00,-2.714848e-102,2.000000e+00,1.500000e+00,-5.524459e-98,2.000000e+00,8.000000e-01
3.787500e-01,2.000000e+00,-1.094545e-103,2.000000e+00,1.500000e+00,-1.930257e-99,2.000000e+00,8.000000e-01
3.812500e-01,2.000000e+00,-4.380748e-105,2.000000e+00,1.500000e+00,-6.698307e-101,2.000000e+00,8.000000e-01
3.837500e-01,2.000000e+00,-1.739926e-106,2.000000e+00,1.500000e+00,-2.307152e-102,2.000000e+00,8.000000e-01
3.862500e-01,2.000000e+00,-6.855045e-108,2.000000e+00,1.500000e+00,-7.883130e-104,2.000000e+00,8.000000e-01
3.887500e-01,2.000000e+00,-2.678060e-109,2.000000e+00,1.500000e+00,-2.670758e-105,2.000000e+00,8.000000e-01
3.912500e-01,2.000000e+00,-1.037079e-110,2.000000e+00,1.500000e+00,-8.969385e-107,2.000000e+00,8.000000e-01
3.937500e-01,2.000000e+00,-3.979804e-112,2.000000e+00,1.500000e+00,-2.985677e-108,2.000000e+00,8.000000e-01
3.962500e-01,2.000000e+00,-1.513117e-113,2.000000e+00,1.500000e+00,-9.851498e-110,2.000000e+00,8.000000e-01
3.987500e-01,2.000000e+00,-5.698631e-115,2.000000e+00,1.500000e+00,-3.222628e-111,2.000000e+00,8.000000e-01
4.012500e-01,2.000000e+00,-2.125665e-116,2.000000e+00,1.500000e+00,-1.045318e-112,2.000000e+00,8.000000e-01
4.037500e-01,2.000000e+00,-7.852141e-118,2.000000e+00,1.500000e+00,-3.362682e-114,2.000000e+00,8.000000e-01
4.062500e-01,2.000000e+00,-2.871994e-119,2.000000e+00,1.500000e+00,-1.072902e-115,2.000000e+00,8.000000e-01
4.087500e-01,2.000000e+00,-1.039909e-120,2.000000e+00,1.500000e+00,-3.395256e-117,2.000000e+00,8.000000e-01
4.112500e-01,2.000000e+00,-3.726588e-122,2.000000e+00,1.500000e+00,-1.065588e-118,2.000000e+00,8.000000e-01
4.137500e-01,2.000000e+00,-1.321264e-123,2.000000e+00,1.500000e+00,-3.316253e-120,2.000000e+00,8.000000e-01
4.162500e-01,2.000000e+00,-4.632975e-125,2.000000e+00,1.500000e+00,-1.023204e-121,2.000000e+00,8.000000e-01
4.187500e-01,2.000000e+00,-1.605942e-126,2.000000e+00,1.500000e+00,-3.129172e-123,2.000000e+00,8.000000e-01
4.212500e-01,2.000000e+00,-5.500395e-128,2.000000e+00,1.500000e+00,-9.482574e-125,2.000000e+00,8.000000e-01
4.237500e-01,2.000000e+00,-1.860561e-129,2.000000e+00,1.500000e+00,-2.846488e-126,2.000000e+00,8.000000e-01
4.262500e-01,2.000000e+00,-6.212712e-131,2.000000e+00,1.500000e+00,-8.460834e-128,2.000000e+00,8.000000e-01
4.287500e-01,2.000000e+00,-2.047035e-132,2.000000e+00,1.500000e+00,-2.489152e-129,2.000000e+00,8.000000e-01
4.312500e-01,2.000000e+00,-6.653051e-134,2.000000e+00,1.500000e+00,-7.244743e-131,2.000000e+00,8.000000e-01
4.337500e-01,2.000000e+00,-2.132269e-135,2.000000e+00,1.500000e+00,-2.085072e-132,2.000000e+00,8.000000e-01
4.362500e-01,2.000000e+00,-6.737375e-137,2.000000e+00,1.500000e+00,-5.931254e-134,2.000000e+00,8.000000e-01
4.387500e-01,2.000000e+00,-2.098426e-138,2.000000e+00,1.500000e+00,-1.666943e-135,2.000000e+00,8.000000e-01
4.412500e-01,2.000000e+00,-6.441615e-140,2.000000e+00,1.500000e+00,-4.626974e-137,2.000000e+00,8.000000e-01
4.437500e-01,2.000000e+00,-1.948710e-141,2.000000e+00,1.500000e+00,-1.268146e-138,2.000000e+00,8.000000e-01
4.462500e-01,2.000000e+00,-5.809032e-143,2.000000e+00,1.500000e+00,-3.431426e-140,2.000000e+00,8.000000e-01
4.487500e-01,2.000000e+00,-1.706112e-144,2.000000e+00,1.500000e+00,-9.166237e-142,2.000000e+00,8.000000e-01
4.512500e-01,2.000000e+00,-4.936122e-146,2.000000e+00,1.500000e+00,-2.417290e-143,2.000000e+00,8.000000e-01
4.537500e-01,2.000000e+00,-1.406519e-147,2.000000e+00,1.500000e+00,-6.293851e-145,2.000000e+00,8.000000e-01
4.562500e-01,2.000000e+00,-3.946132e-149,2.000000e+00,1.500000e+00,-1.618020e-146,2.000000e+00,8.000000e-01
4.587500e-01,2.000000e+00,-1.089757e-150,2.000000e+00,1.500000e+00,-4.107161e-148,2.000000e+00,8.000000e-01
4.612500e-01,2.000000e+00,-2.961220e-152,2.000000e+00,1.500000e+00,-1.029347e-149,2.000000e+00,8.000000e-01
4.637500e-01,2.000000e+00,-7.914764e-154,2.000000e+00,1.500000e+00,-2.546607e-151,2.000000e+00,8.000000e-01
4.662500e-01,2.000000e+00,-2.080057e-155,2.000000e+00,1.500000e+00,-6.217188e-153,2.000000e+00,8.000000e-01
4.687500e-01,2.000000e+00,-5.373217e-157,2.000000e+00,1.500000e+00,-1.497071e-154,2.000000e+00,8.000000e-01
4.712500e-01,2.000000e+00,-1.363900e-158,2.000000e+00,1.500000e+00,-3.553263e-156,2.000000e+00,8.000000e-01
4.737500e-01,2.000000e+00,-3.401001e-160,2.000000e+00,1.500000e+00,-8.306453e-158,2.000000e+00,8.000000e-01
4.762500e-01,2.000000e+00,-8.329445e-162,2.000000e+00,1.500000e+00,-1.910887e-159,2.000000e+00,8.000000e-01
4.787500e-01,2.000000e+00,-2.003276e-163,2.000000e+00,1.500000e+00,-4.322058e-161,2.000000e+00,8.000000e-01
4.812500e-01,2.000000e+00,-4.730728e-165,2.000000e+00,1.500000e+00,-9.602384e-163,2.000000e+00,8.000000e-01
4.837500e-01,2.000000e+00,-1.096816e-166,2.000000e+00,1.500000e+00,-2.093638e-164,2.000000e+00,8.000000e-01
4.862500e-01,2.000000e+00,-2.496396e-168,2.000000e+00,1.500000e+00,-4.475809e-166,2.000000e+00,8.000000e-01
4.887500e-01,2.000000e+00,-5.577099e-170,2.000000e+00,1.500000e+00,-9.373916e-168,2.000000e+00,8.000000e-01
4.912500e-01,2.000000e+00,-1.222737e-171,2.000000e+00,1.500000e+00,-1.921778e-169,2.000000e+00,8.000000e-01
4.937500e-01,2.000000e+00,-2.630038e-173,2.000000e+00,1.500000e+00,-3.853837e-171,2.000000e+00,8.000000e-01
4.962500e-01,2.000000e+00,-5.545712e-175,2.000000e+00,1.500000e+00,-7.551819e-173,2.000000e+00,8.000000e-01
4.987500e-01,2.000000e+00,-1.193494e-176,2.000000e+00,1.500000e+00,-1.500619e-174,2.000000e+00,8.000000e-01
